{
  "controller/DetailObjectNotFound-dbg.js": 1600777326000,
  "controller/BaseController.js": 1600777326000,
  "model/models.js": 1600777326000,
  "model/formatter.js": 1600777326000,
  "controller/NotFound.controller.js": 1600777326000,
  "controller/Master.controller.js": 1600777326000,
  "controller/ListSelector.js": 1600777326000,
  "controller/ErrorHandler.js": 1600777326000,
  "controller/DetailObjectNotFound.js": 1600777326000,
  "controller/DetailObjectNotFound.controller.js": 1600777326000,
  "controller/Detail.controller.js": 1600777326000,
  "manifest.json": 1600938988421,
  "controller/App.controller.js": 1600777326000,
  "Component.js": 1600777326000,
  "manifest-bundle.zip": 1600938985526,
  "Component-preload.js": 1600938987729,
  "i18n/i18n.properties": 1600777326000,
  "model/formatter-dbg.js": 1600777326000,
  "controller/NotFound-dbg.controller.js": 1600777326000,
  "controller/Master-dbg.controller.js": 1600777326000,
  "controller/ListSelector-dbg.js": 1600777326000,
  "controller/ErrorHandler-dbg.js": 1600777326000,
  "model/models-dbg.js": 1600777326000,
  "controller/DetailObjectNotFound-dbg.controller.js": 1600777326000,
  "controller/Detail-dbg.controller.js": 1600777326000,
  "controller/BaseController-dbg.js": 1600777326000,
  "controller/App-dbg.controller.js": 1600777326000,
  "Component-dbg.js": 1600777326000,
  "resources.json": 1600938988425,
  "view/ViewSettingsDialog.fragment.xml": 1600777326000,
  "view/NotFound.view.xml": 1600777326000,
  "view/Master.view.xml": 1600777326000,
  "view/DetailObjectNotFound.view.xml": 1600777326000,
  "view/Detail.view.xml": 1600777326000,
  "view/App.view.xml": 1600777326000,
  "test.html": 1600777326000,
  "index.html": 1600777326000
}